{"cameraMode":{"drawMode":0,"name":"Shaded","section":"Shading Mode"},"sceneLighting":true,"audioPlay":false,"sceneViewState":{"m_AlwaysRefresh":false,"showFog":true,"showSkybox":true,"showFlares":true,"showImageEffects":true,"showParticleSystems":true,"showVisualEffectGraphs":true,"m_FxEnabled":true},"in2DMode":false,"pivot":{"x":-10.769950866699219,"y":-1.137575626373291,"z":-0.00706184608861804},"rotation":{"x":-0.005999832414090633,"y":-0.0027040368877351286,"z":-0.000014559956071025226,"w":0.9999810457229614},"size":36.4527473449707,"orthographic":true}